{"cameraMode":{"drawMode":0,"name":"Shaded","section":"Shading Mode"},"sceneLighting":true,"audioPlay":false,"sceneViewState":{"m_AlwaysRefresh":false,"showFog":true,"showSkybox":true,"showFlares":true,"showImageEffects":true,"showParticleSystems":true,"showVisualEffectGraphs":true,"m_FxEnabled":true},"in2DMode":false,"pivot":{"x":64.1732406616211,"y":3.121378183364868,"z":-2.0306615829467775},"rotation":{"x":0.09894686192274094,"y":0.1816696673631668,"z":-0.018375908955931665,"w":0.9782072305679321},"size":1.8568397760391236,"orthographic":false}